categoria,nome_condizione_proposta,motivo_candidatura,fonte_verificata,anno_fonte,evidence_level,id_knowledge_base,stato,note
Immunologia/reumatologia,Fibromialgia (gestione con esercizio terapeutico),Condizione ad altissima prevalenza in fisioterapia,"Tailored exercise programmes for fibromyalgia: a clinical practical guide (PMID 38910571)",2024,moderate,407,FATTO,Aggiunta e taggata come 'immune'
Ematologia,Artropatia emofilica (gestione riabilitativa dell'emofilia),Capitolo comune in riabilitazione ematologica; oggi presente solo l'anemia falciforme,"MASAC Document 275, National Hemophilia Foundation",2023,moderate,408,FATTO,Aggiunta e taggata come 'hematology'
Pavimento pelvico,Dissinergia del pavimento pelvico (dischezia funzionale),Distinta dall'incontinenza e dal prolasso già presenti; meccanismo opposto (mancato rilassamento anziché ipotono),"Rao SSC et al. ANMS-ESNM position paper, Neurogastroenterology & Motility (PMID 25828100)",2015,high,409,FATTO,Aggiunta e taggata come pavimento pelvico (posteriore)
Endocrino,Obesità (gestione con esercizio terapeutico),Oggi presente solo come fattore di rischio associato ad altre condizioni,"ACSM's Guidelines for Exercise Testing and Prescription — DA VERIFICARE l'edizione esatta",DA VERIFICARE,high,410,FATTO,Aggiunta e taggata come 'endocrine'; unica fonte di questo batch non del tutto verificata (edizione del manuale)
Immunologia/reumatologia,Sclerosi sistemica (sclerodermia) — gestione con esercizio,Condizione a bassa prevalenza ma gestione riabilitativa molto specifica (mano/viso),"Frade S et al. Exercise and physical therapy for systemic sclerosis, Cochrane Database Syst Rev",2022,moderate,411,FATTO,Aggiunta e taggata come 'immune'
Immunologia/reumatologia,Polimialgia reumatica e arterite a cellule giganti — gestione dell'esercizio,Alta prevalenza geriatrica; arterite a cellule giganti ha un red flag oftalmologico urgente da non perdere,"2025 EULAR recommendations for PMR and primary large vessel vasculitis (PMID 42481270)",2025,moderate,412,FATTO,Aggiunta e taggata come 'immune'
Pavimento pelvico,Endometriosi (dolore pelvico associato) — fisioterapia del pavimento pelvico,Distinta dal prolasso/incontinenza; il pavimento pelvico qui è iperattivo per sensibilizzazione al dolore cronico,"Physiotherapy for endometriosis-associated pelvic pain: systematic review (PMID 40705433); ESHRE Guideline 2022",2025,moderate,413,FATTO,Aggiunta e taggata come pavimento pelvico (sistemico/femminile)
Endocrino,Deficit energetico relativo nello sport (RED-S),Condizione emergente ad alta rilevanza per atlete/atleti giovani; non presente nella base dati,"2023 IOC consensus statement on REDs, Br J Sports Med (PMID 37752011)",2023,high,414,FATTO,Aggiunta e taggata come 'endocrine' (nessuna categoria sport dedicata esiste ancora)
Medicina dello sport,Identità di sistema dedicata (oggi dispersa in body_zone_conditions insieme a ortopedia generale),Vedi sezione D dell'audit — non una singola condizione ma una scelta architetturale da discutere prima,,,,,DA DECIDERE,Non è una condizione da aggiungere è una decisione di categorizzazione
Endocrino,Sindrome dell'ovaio policistico (PCOS) — gestione con esercizio,Alta prevalenza; non presente nella base dati,"2023 International Evidence-based Guideline for the Assessment and Management of PCOS (PMID 37580314)",2023,high,415,FATTO,Aggiunta e taggata come 'endocrine'
Immunologia/reumatologia,Artrite psoriasica (gestione dell'esercizio terapeutico),Distinta dall'artrite reumatoide già presente; meccanismo e gestione delle entesi differenti,"Updated GRAPPA and EULAR recommendations for the management of psoriatic arthritis (PMID 36184036)",2022,moderate,416,FATTO,Aggiunta e taggata come 'immune'
Immunologia/reumatologia,Gotta (artrite gottosa — gestione dell'esercizio e delle fasi intercritiche),Condizione ad alta prevalenza non ancora presente; differenziazione da artrite settica come red flag chiave,"2020 ACR Guideline for the Management of Gout (FitzGerald JD et al., Arthritis Care & Research)",2020,moderate,417,FATTO,Aggiunta e taggata come 'immune'
Pavimento pelvico,Incontinenza fecale (gestione con fisioterapia del pavimento pelvico),Distinta dall'incontinenza urinaria e dalla dissinergia già presenti; meccanismo tipicamente ipotonico/di coordinazione sensomotoria,"Anorectal physiotherapy in coloproctology: Guidelines of the French National Society of Coloproctology",2025,moderate,418,FATTO,Aggiunta e taggata come pavimento pelvico (posteriore/entrambi i sessi)
Endocrino,Sindrome metabolica (gestione con esercizio terapeutico),Identificata come assente; alta prevalenza clinica,"Efficacy of Exercise-Based Interventions for Metabolic Syndrome: An Umbrella Review With Meta-Analyses (Poon et al., Obesity Reviews)",2026,high,419,FATTO,Aggiunta e taggata come 'endocrine'
Ematologia,Trombofilia (gestione dell'attività fisica e prevenzione del tromboembolismo venoso),Identificata come assente; capitolo importante di prevenzione in riabilitazione,"Role of Physical Therapists in the Management of Individuals at Risk for or Diagnosed With VTE — Evidence-Based CPG, aggiornamento 2022 (Hillegass, Lukaszewicz, Puthoff et al., Physical Therapy)",2022,high,420,FATTO,"Aggiunta e taggata come 'hematology'; verificato che il 2022 aggiorni la versione 2016 originale"
Immunologia/reumatologia,Fenomeno di Raynaud (gestione non farmacologica),Identificato come assente; spesso associato a sclerosi sistemica già presente in banca dati,"ESVM guidelines: the diagnosis and management of Raynaud's phenomenon (Belch J et al., VASA)",2017,moderate,421,FATTO,"Aggiunta e taggata come 'immune'; nessun programma di esercizio validato in letteratura, gestione reale è termica/comportamentale"
Cardio-respiratorio,Sindrome delle apnee ostruttive del sonno (OSAS) — gestione con esercizio,Identificata come assente; comorbidità frequente in ambito cardiopolmonare,"Exercise Interventions in Obstructive Sleep Apnea: Program Features and Clinical Benefits (Saavedra et al., Current Pulmonology Reports)",2025,moderate,422,FATTO,Aggiunta e taggata come 'cardiopulmonary'
Immunologia/reumatologia,Sindrome di Sjögren (gestione con esercizio terapeutico),Identificata come assente; connettivopatia ad alta prevalenza con fatica come sintomo cardine,"Effects of exercise in primary Sjögren's syndrome: systematic review e meta-analisi di RCT (Disability and Rehabilitation 2025) + British Society for Rheumatology guideline (Rheumatology 2025)",2025,moderate,423,FATTO,Aggiunta e taggata come 'immune'
Cardio-respiratorio,Sarcoidosi (riabilitazione polmonare),Identificata come assente; malattia granulomatosa con capitolo di riabilitazione respiratoria proprio,"Pulmonary rehabilitation in sarcoidosis: systematic review e meta-analisi (Respiratory Medicine, PMID 37858728)",2023,moderate,424,FATTO,Aggiunta e taggata come 'cardiopulmonary'
Ematologia,Sindrome da anticorpi antifosfolipidi (APS) — attività fisica in sicurezza,Identificata come assente; condizione trombofilica autoimmune correlata alla trombofilia già presente,"Non-pharmacological rehabilitation interventions for individuals with antiphospholipid syndrome: scoping review (Harper AE et al., Lupus 2024)",2024,moderate,425,FATTO,"Aggiunta e taggata come 'hematology'; evidenza specifica su esercizio molto limitata (un solo caso studio in letteratura), campo typical_exercises marcato DA VERIFICARE"
Neurologia,Sindrome delle gambe senza riposo (RLS) — gestione con esercizio e fisioterapia,Identificata come assente; condizione neurologica/del sonno ad alta prevalenza,"Advancements in Restless Leg Syndrome Management: A Review of Physiotherapeutic Modalities and Their Efficacy (Ratnani I, Harjpal P, Cureus, PMID 37954781)",2023,moderate,426,FATTO,Aggiunta e taggata come 'neurology'
Immunologia/reumatologia,Encefalomielite mialgica/Sindrome da fatica cronica (ME/CFS) — gestione dell'energia,Identificata come assente; richiedeva cautela clinica specifica (rischio di malessere post-sforzo con l'esercizio graduato classico),"NICE Guideline NG206, raccomandazione 1.11.13-1.11.14",2021,high,427,FATTO,"Aggiunta e taggata come 'immune'; NESSUNO schema di esercizio graduato classico, solo gestione individualizzata dell'energia (pacing) come esplicitamente raccomandato"
Immunologia/reumatologia,Vasculite ANCA-associata (gestione generale dell'attività fisica),Identificata come assente,"2025 British Society for Rheumatology management recommendations, Rheumatology 64(8):4463-4469",2025,moderate,428,FATTO,"Aggiunta e taggata come 'immune'; linea guida non descrive protocollo di esercizio specifico, campi progression_criteria/typical_exercises marcati DA VERIFICARE"
Immunologia/reumatologia,Malattia di Behçet (gestione generale dell'attività fisica),Identificata come assente,"EULAR recommendations for the management of Behçet's syndrome: 2025 update (Hatemi G et al., Annals of the Rheumatic Diseases)",2026,moderate,429,FATTO,"Aggiunta e taggata come 'immune'; linea guida focalizzata su farmacologia, campi progression_criteria/typical_exercises marcati DA VERIFICARE; red flag specifico su rischio trombotico/aneurismatico della forma vascolare"
Ematologia,Porpora trombocitopenica immune (ITP) — attività fisica in base alla conta piastrinica,Identificata come assente,"Physical exercise is safe and feasible in thrombocytopenic patients with hematologic malignancies: narrative review, Hematology 2020 (PMID 32075567)",2020,moderate,430,FATTO,"Aggiunta e taggata come 'hematology'; soglie di conta piastrinica di consenso clinico, non da RCT dedicati — dichiarato esplicitamente nella scheda"
Immunologia/reumatologia,Disturbo dello spettro da ipermobilità (HSD) / Sindrome di Ehlers-Danlos ipermobile (hEDS),Identificata come assente; altissima rilevanza per la fisioterapia (instabilità articolare cronica),"Therapeutic Management of Pediatric Hypermobility Spectrum Disorder, Cincinnati Children's Hospital Evidence-Based Care Guideline",2025,moderate,431,FATTO,"Aggiunta e taggata come 'immune' per mancanza di categoria genetica/tessuto connettivo dedicata — segnalato esplicitamente come scelta di comodo"
Pavimento pelvico,Sindrome del dolore pelvico cronico maschile / Prostatite cronica (CP/CPPS),Identificata come assente; colma parzialmente il gap pavimento pelvico segnalato in sezione C dell'audit,"Diagnosis and Management of Male Chronic Pelvic Pain, AUA Guideline (Statement 29-30)",2025,moderate,432,FATTO,Aggiunta e taggata come pavimento pelvico (anteriore/maschile)
Immunologia/reumatologia,Policondrite recidivante,Identificata come assente,"Protocole national de diagnostic et de soins pour la polychondrite chronique atrophiante (Arnaud L et al., La Revue de Médecine Interne)",2023,moderate,433,FATTO,"Aggiunta e taggata come 'immune'; protocollo non descrive esercizio specifico, campi marcati DA VERIFICARE, red flag su coinvolgimento tracheale/laringeo"
Neurologia,Paralisi cerebrale infantile — attività fisica ed esercizio nell'adulto,Identificata come assente; condizione neurologica ad altissima prevalenza in fisioterapia pediatrica e trascurata nell'adulto,"Physical activity and exercise interventions in adults with cerebral palsy: systematic review, Disability and Rehabilitation 47(9)",2024,moderate,434,FATTO,Aggiunta e taggata come 'neurology'
Endocrino,Malattia di Paget dell'osso,Identificata come assente; malattia metabolica ossea rilevante per la fisioterapia geriatrica,"Diagnosis and Management of Paget's Disease of Bone in Adults: A Clinical Guideline (Ralston SH et al., Journal of Bone and Mineral Research)",2019,moderate,435,FATTO,"Aggiunta e taggata come 'endocrine'; linea guida farmacologica, campi di esercizio marcati DA VERIFICARE"
Immunologia/reumatologia,Osteogenesi imperfetta,Identificata come assente; malattia genetica con fragilità ossea ad alta rilevanza fisioterapica pediatrica,"Physical and Occupational Therapists Guide to Treating Osteogenesis Imperfecta, OI Foundation (ed. 2025, orig. 2017)",2025,moderate,436,FATTO,"Aggiunta e taggata come 'immune' per mancanza di categoria genetica/tessuto connettivo dedicata (stesso problema di HSD/hEDS nel batch 7 — terza occorrenza, vale la pena valutare categoria dedicata)"
Immunologia/reumatologia,Sindrome di Marfan,Identificata come assente; malattia genetica con rischio aortico ad alta rilevanza per la prescrizione dell'esercizio,"Exercise recommendations for patients with Marfan syndrome: updated review (Jayaratne N et al., European Journal of Preventive Cardiology 33(8):1481-1496)",2026,moderate,437,FATTO,"Aggiunta e taggata come 'immune' per lo stesso motivo di comodo di Osteogenesi imperfetta/HSD"
Ortopedico/MSK,Displasia evolutiva dell'anca (DDH),Identificata come assente; condizione pediatrica comune ma gestione primaria ortopedica,"Detection and Nonoperative Management of Pediatric DDH in Infants up to Six Months of Age, AAOS Clinical Practice Guideline",2022,moderate,438,FATTO,"Aggiunta e taggata alla zona anatomica 'Anca'; scheda scritta onestamente come ruolo di supporto/educativo della fisioterapia, non programma di esercizio classico"
Neurologia,Distrofia muscolare di Duchenne (DMD),Identificata come assente; malattia neuromuscolare pediatrica ad alta rilevanza fisioterapica,"Physiotherapy and Occupational Therapy Guidance for DMD, DMD Care UK",2023,moderate,439,FATTO,Aggiunta e taggata come 'neurology'
Neurologia,Atrofia muscolare spinale (SMA),Identificata come assente; malattia neuromuscolare genetica trasformata dalle nuove terapie modificanti,"Filling the gaps in knowledge translation: PT recommendations for SMA, Neuromuscular Disorders (PMID 33741230)",2021,moderate,440,FATTO,"Aggiunta e taggata come 'neurology'; esiste una scoping review più recente (2026, Mortenson et al.) ma non accessibile per verifica contenuto - citata solo la fonte verificabile"
Immunologia/reumatologia,Artrite idiopatica giovanile (AIG),Identificata come assente; condizione reumatologica pediatrica ad alta prevalenza,"Ottawa Panel Evidence-Based CPG for Structured Physical Activity in JIA (Cavallo S, Brosseau L et al., Archives of Physical Medicine and Rehabilitation)",2017,high,441,FATTO,Aggiunta e taggata come 'immune'
Ortopedico/MSK,Torcicollo miogeno congenito (TMC),Identificata come assente; condizione pediatrica ad altissima rilevanza fisioterapica precoce,"Physical Therapy Management of Congenital Muscular Torticollis: 2024 EB-CPG, APTA Academy of Pediatric Physical Therapy (Sargent B et al., Pediatric Physical Therapy)",2024,high,442,FATTO,Aggiunta e taggata alla zona anatomica 'Rachide Cervicale' (stessa del Torcicollo Acuto adulto già presente)
Neurologia,Spina bifida / Mielomeningocele,Identificata come assente; condizione neurologica pediatrica maggiore,"Guidelines for the Care of People with Spina Bifida: Physical Activity, Spina Bifida Association",2023,high,443,FATTO,Aggiunta e taggata come 'neurology'
Neurologia,Paralisi ostetrica del plesso brachiale (Erb's Palsy),Identificata come assente; condizione neonatale ad alta rilevanza fisioterapica precoce,"Early Conservative PT Management of Babies With Obstetric Brachial Plexus Injury, Pediatric Physical Therapy (PMID 39495595)",2025,moderate,444,FATTO,Aggiunta e collegata al nervo periferico 'Plesso Brachiale' già presente in banca dati
Ortopedico/MSK,Malattia di Sever (apofisite calcaneare),Identificata come assente; causa comune di dolore al tallone nell'atleta giovane,"Conservative Management of Sever's Disease: Comprehensive Review of Treatment Efficacy (Nweke TC, Cureus)",2025,moderate,445,FATTO,Aggiunta e taggata alla zona anatomica 'Ossa del Piede'
Neurologia,Sindrome di Down — fisioterapia e gestione dell'ipotonia,Identificata come assente; condizione genetica pediatrica ad alta rilevanza fisioterapica,"Contemporary physiotherapy interventions for balance rehabilitation in children with Down syndrome: systematic review of RCT, European Journal of Pediatrics",2026,moderate,446,FATTO,"Aggiunta e taggata come 'neurology'; fetch della fonte rifiutato per rate-limit, citazione basata su risultati di ricerca verificati + conoscenza clinica consolidata (instabilità atlanto-assiale)"
Ortopedico/MSK,Malattia di Legg-Calvé-Perthes,Identificata come assente; condizione pediatrica dell'anca ad alta rilevanza fisioterapica,"Recommendations for physiotherapy and physical activity for children with Legg-Calvé-Perthes disease: survey of pediatric orthopedic surgeons and physiotherapists in Sweden (Melin L, Rendek Z, Hailer YD, Acta Orthopaedica)",2023,moderate,447,FATTO,Aggiunta e taggata alla zona anatomica 'Anca' (stessa della DDH già presente)
Ortopedico/MSK,Epifisiolisi femorale prossimale (SCFE),Identificata come assente; emergenza ortopedica pediatrica dell'anca con ruolo fisioterapico post-chirurgico,"Slipped Capital Femoral Epiphysis: Rapid Evidence Review (Webb, Liu, Bouchereau-Lal, American Family Physician 112(4):414-423)",2025,moderate,448,FATTO,"Aggiunta e taggata alla zona anatomica 'Anca'; raccomandazioni PT post-chirurgiche dichiarate dalla fonte stessa come basate su opinione di esperti, non su RCT"
Ortopedico/MSK,Disfunzione temporomandibolare (DTM),Identificata come assente; condizione ad alta prevalenza gestita spesso in fisioterapia,"Topic Brief: Temporomandibular Disorder Treatment Guidelines, Agency for Healthcare Research and Quality (AHRQ)",2023,moderate,449,FATTO,"Aggiunta ma NON taggata: nessuna zona anatomica mascella/ATM/testa/viso esiste in body_zones (verificato), e collegarla al nervo trigemino sarebbe fuorviante (DTM è disturbo articolare/muscolare, non neuropatia) — quarto gap architetturale di categorizzazione segnalato, di tipo diverso dai precedenti (zona mancante, non categoria di sistema mancante)"
Neurologia,Emicrania — esercizio terapeutico preventivo,Identificata come assente; condizione neurologica ad altissima prevalenza con ruolo fisioterapico preventivo consolidato,"Prescription of Therapeutic Exercise in Migraine: Evidence-Based CPG of the Professional College of Physiotherapists of the Community of Madrid, The Journal of Headache and Pain (PMID 37286937)",2023,moderate,450,FATTO,"Aggiunta e taggata come 'neurology'; fetch del testo completo rifiutato 3 volte (ResearchGate 429, clinicalpainadvisor.com 402, Zenodo 429 con istruzione esplicita a non ritentare) — citazione verificata via risultati di ricerca, ma parametri quantitativi precisi di frequenza/durata dell'esercizio marcati DA VERIFICARE"
Neurologia,Paralisi di Bell (paralisi del nervo facciale),Identificata come assente; condizione neurologica ad alta prevalenza con ruolo fisioterapico consolidato,"Physical therapy for facial nerve paralysis (Bell's palsy): An updated and extended systematic review of the evidence for facial exercise therapy (Khan AJ et al., Clinical Rehabilitation, PMID 35787015)",2022,moderate,451,FATTO,Aggiunta e collegata al nervo periferico 'Nervo Facciale (VII nervo cranico)' già presente in banca dati + taggata come 'neurology'
Neurologia,Malformazione di Chiari tipo I,Identificata come assente; condizione neurologica con ruolo fisioterapico ben documentato per i pazienti non chirurgici,"Effects of Two Exercise Regimes on Patients with Chiari Malformation Type 1: a Randomized Controlled Trial, The Cerebellum (PMID 35325392)",2022,moderate,452,FATTO,Aggiunta e taggata alla zona cerebrale 'Cervelletto' + taggata come 'neurology'; fonte completamente verificata (RCT con protocollo e risultati confermati)
Immunologia/reumatologia,Miopatie infiammatorie idiopatiche (polimiosite e dermatomiosite),Identificata come assente; connettivopatie infiammatorie ad alta rilevanza fisioterapica,"Treatment guidelines for idiopathic inflammatory myopathies in adults: a comparative review (Paik JJ et al., Rheumatology, PMID 39999025)",2025,moderate,453,FATTO,"Aggiunta e taggata come 'immune'; basata su revisione comparativa di 5 linee guida internazionali; miosite a corpi inclusi (IBM) esplicitamente non coperta, sottotipo distinto"
Ortopedico/MSK,Malattia di Freiberg (osteocondrosi della testa metatarsale),Identificata come assente; causa comune di metatarsalgia nell'adolescente/giovane adulto,"Evidence-Based Treatment Algorithm for Freiberg Disease (Yoshimura I et al., Foot & Ankle Specialist, PMID 37815268)",2024,moderate,454,FATTO,Aggiunta e taggata alla zona anatomica 'Ossa del Piede'; algoritmo di trattamento basato su stadiazione (classificazione di Smillie) completamente verificato
Neurologia,Sindrome della cauda equina (riconoscimento ed emergenza),Identificata come assente; red flag critico ad altissima rilevanza medico-legale per ogni fisioterapista muscoloscheletrico,"The National Suspected Cauda Equina Syndrome Pathway: implications for physiotherapists, Physiotherapy (CSP journal)",2024,high,455,FATTO,"Aggiunta e taggata come 'neurology' + zona 'Rachide Lombare / Schiena Bassa'; scheda di riconoscimento/emergenza, non di trattamento, scritta deliberatamente in questo formato"
Neurologia,Distonia cervicale (torcicollo spasmodico),Identificata come assente; disturbo del movimento distinto dal torcicollo posturale/miogeno già presente,"Optimal physiotherapy management strategies for cervical dystonia: an international Delphi study, Neurological Sciences (PMID 42618836)",2026,moderate,456,FATTO,"Aggiunta e taggata come 'neurology'; fonte Delphi 2026 preferita a una revisione sistematica 2023 più vecchia, seguendo la preferenza per la fonte più aggiornata"
Neurologia,Malattia di Huntington,Identificata come assente; malattia neurodegenerativa ad alta rilevanza fisioterapica,"Clinical recommendations to guide physical therapy practice for Huntington disease, Neurology (Quinn L et al., PMID 31907286)",2020,moderate,457,FATTO,"Aggiunta e taggata come 'neurology'; CPG ufficiale dietro paywall per i dettagli completi, verificata solo la conclusione generale, dosaggio/progressione per stadio marcato DA VERIFICARE"
Neurologia,Atassia di Friedreich,Identificata come assente; atassia ereditaria distinta dall'atassia cerebellare generica già presente,"Effectiveness of rehabilitation intervention in persons with Friedreich ataxia, Frontiers in Neurology (PMID 38020600)",2023,moderate,458,FATTO,Aggiunta e taggata come 'neurology'; fonte completamente verificata con dati quantitativi su durata/intensità/risultati del programma riabilitativo
Endocrino,Neuroartropatia di Charcot (piede di Charcot),Identificata come assente; complicanza diabetica ad alta rilevanza podiatrica/fisioterapica,"Guidelines on the diagnosis and treatment of active Charcot neuro-osteoarthropathy (IWGDF 2023) + systematic review sul carico in TCC (Prem R et al., SAGE Open Medicine)",2024,moderate,459,FATTO,"Aggiunta e taggata come 'endocrine' + zona 'Caviglia / Piede'; migrazione iniziale fallita per un campo mancante nella tupla successiva, corretta con una migrazione di fix per ripristinare accenti/apostrofi nel testo"
Ematologia,Malattia di von Willebrand,Identificata come assente; coagulopatia congenita più comune, alta rilevanza per attività fisica sicura,"Sports participation and physical activity in patients with von Willebrand disease (PMC7379650)",2020,moderate,460,FATTO,"Aggiunta e taggata come 'hematology'; possibile fonte più recente (2025/2026, PMID 41512904) trovata ma non accessibile per verifica"
Ortopedico/MSK,Fibromatosi plantare (malattia di Ledderhose),Identificata come assente; distinta dalla fascite plantare e dalla rottura della fascia già presenti,"Soleful solutions: Advancements in treatment strategies for ledderhose disease, Foot and Ankle Surgery (PMID 39068139)",2024,moderate,461,FATTO,Aggiunta e taggata alla zona anatomica 'Caviglia / Piede'; fonte pienamente verificata con dati quantitativi su efficacia dei trattamenti e tassi di recidiva
Cardio-respiratorio,Cardiomiopatia ipertrofica,Identificata come assente; condizione cardiaca ad alta rilevanza per la prescrizione dell'esercizio,"2024 AHA/ACC/AMSSM/HRS/PACES/SCMR Guideline for the Management of Hypertrophic Cardiomyopathy, Circulation (PMID 38718139)",2024,high,462,FATTO,"Aggiunta e taggata come 'cardiopulmonary'; linea guida autorevole 2024 che segna un cambio di paradigma verso l'incoraggiamento dell'esercizio anziché la restrizione storica"
Neurologia,Siringomielia,Identificata come assente; condizione neurologica spesso associata alla malformazione di Chiari già presente,"Case report su siringoidromielia + neuroriabilitazione in caso classico di siringomielia",2023,low,463,FATTO,"Aggiunta e taggata come 'neurology' + zona cerebrale 'Midollo Spinale'; limite di WebFetch questa sessione, letteratura disponibile essa stessa limitata a case report (evidence_level: low dichiarato esplicitamente)"
Neurologia,Sindrome post-polio,Identificata come assente; esito tardivo della poliomielite con principio riabilitativo specifico (debolezza da sovraccarico),"Exercise and Post-Polio Syndrome, fact sheet APTA Academy of Neurologic PT; Physiopedia",2023,moderate,464,FATTO,"Aggiunta e taggata come 'neurology'; limite di WebFetch questa sessione, contenuto basato su conoscenza clinica consolidata + citazioni verificate a livello bibliografico"
Ortopedico/MSK,Osteocondrite dissecante del ginocchio,Identificata come assente; lesione osteocondrale comune nell'atleta adolescente,"Return to Sport After Treatment of Stable Osteochondritis Dissecans Lesions of the Knee in Adolescents: A Systematic Review (Muchintala R et al., AJSM, PMID 39772951)",2025,moderate,465,FATTO,"Aggiunta e taggata alla zona anatomica 'Ginocchio'; limite di WebFetch questa sessione, citazione verificata a livello bibliografico, contenuto da conoscenza clinica ortopedica consolidata"
Cardio-respiratorio,Endocardite infettiva (riabilitazione post-chirurgica),Identificata come assente; complicanza cardiaca con ruolo riabilitativo post-chirurgico specifico,"Utility of Cardiac Rehabilitation Following Surgical Treatment of Infective Endocarditis (PMID 41524043)",2025,moderate,466,FATTO,"Aggiunta e taggata come 'cardiopulmonary'; limite di WebFetch questa sessione, citazione verificata a livello bibliografico, contenuto da conoscenza clinica cardiologica consolidata"
Ortopedico/MSK,Amputazione dell'arto inferiore (riabilitazione protesica),Identificata come assente; sorprendente vuoto dato che tutte le protesi articolari erano già presenti,"VA/DoD Clinical Practice Guideline for Rehabilitation of Individuals With Lower Limb Amputation (2024/2025 update)",2025,high,467,FATTO,"Aggiunta ma non taggata a nessuna zona/sistema (nessuna zona anatomica pertinente esiste), come già fatto per Cadute nell'anziano/Piaghe da decubito; fonte ufficiale pienamente verificata"
Neurologia,Sindrome dell'arto fantasma,Identificata come assente; conseguenza comune dell'amputazione con trattamento di efficacia dibattuta,"An Invited Review of Mirror Therapy for Phantom Limb Pain, Current Physical Medicine and Rehabilitation Reports",2024,low,468,FATTO,"Aggiunta e taggata come 'neurology'; evidence_level basso dichiarato esplicitamente perché RCT controllati con placebo non hanno trovato prove di efficacia della terapia dello specchio"
Ortopedico/MSK,Ustioni (riabilitazione fisioterapica),Identificata come assente; ruolo fisioterapico fondamentale nella prevenzione delle contratture,"Burn Rehabilitation, PM&R KnowledgeNow (AAPMR)",2024,moderate,469,FATTO,"Aggiunta ma non taggata a nessuna zona/sistema (condizione sistemica, non localizzata), come già fatto per Cadute nell'anziano/Piaghe da decubito"
Endocrino,Cachessia neoplastica,Identificata come assente; condizione ad alta prevalenza in oncologia avanzata con ruolo dell'esercizio terapeutico,"The role of resistance training in mitigating cancer-induced cachexia: A systematic review (PMC12421196)",2025,moderate,470,FATTO,"Aggiunta e taggata come 'endocrine'; revisione sistematica onesta su effetti complessivi piccoli e non significativi, comunicati come tali nella scheda"
Neurologia (nervo VIII),Malattia di Meniere — riabilitazione vestibolare,Identificata come assente; condizione vestibolare distinta da BPPV/ipofunzione vestibolare già presenti,"Guidelines of the French Society of ENT (SFORL, short version) on vestibular rehabilitation in Meniere's disease, Annales francaises d'Oto-rhino-laryngologie et de Pathologie Cervico-faciale",2026,moderate,471,FATTO,"Aggiunta e collegata al nervo periferico 'Nervo Vestibolococleare (VIII)', stesso schema di BPPV/Ipofunzione vestibolare; specificato che la riabilitazione va iniziata solo a deficit stabilizzato (~3 mesi), mai in crisi acuta"
Neurologia (nervo VIII),Neurite vestibolare (vestibulopatia unilaterale acuta),Identificata come assente; fase acuta distinta dall'ipofunzione vestibolare cronica già presente,"Vestibular Neuritis — Physician Fact Sheet, Academy of Neurologic Physical Therapy (ANPT), Vestibular SIG (Crumley R, Roth HR)",2024,moderate,472,FATTO,"Aggiunta e collegata al nervo periferico 'Nervo Vestibolococleare (VIII)'; incluso il test HINTS+ come red flag esplicito per distinguere da causa centrale (ictus)"
Immunologia,Sindrome di Sjogren — esercizio fisico,Identificata come assente come voce dedicata (distinta dalle altre connettivopatie gia presenti),"Effects of physical activity on health-related outcomes in Sjogren's syndrome: systematic review e meta-analisi di RCT, Frontiers in Immunology (Zhang M et al.)",2026,moderate,473,FATTO,"Aggiunta e taggata come 'immune'; comunicato onestamente che la meta-analisi piu recente non mostra beneficio significativo su fatica/dolore/ESSDAI nonostante il beneficio su funzione cardiopolmonare e stato di salute generale"
Neurologia,Distrofia muscolare facio-scapolo-omerale (FSHD) — esercizio fisico,Identificata come assente; distinta da Duchenne/SMA/CMT gia presenti,"Physical exercise in facioscapulohumeral muscular dystrophy: state of the art and future challenges beyond common misconceptions, European Journal of Applied Physiology (Crisafulli O et al.)",2026,moderate,474,FATTO,"Aggiunta e taggata come 'neurology'; riportata l'assenza di conferma per la storica preoccupazione di 'overwork weakness', con cautela esplicita sui piccoli campioni studiati (141 pazienti, 11 studi, prevalentemente ambulanti)"
Cardio-respiratorio,Sindrome da tachicardia posturale ortostatica (POTS) — esercizio terapeutico,Identificata come assente; condizione autonomica/cardiovascolare distinta da Long COVID e RLS gia presenti,"Exercise Recommendations for POTS: A Clinical Review, Journal of Clinical Medicine (Trimble KZ, Switzer JN, Blitshteyn S)",2024,moderate,475,FATTO,"Aggiunta e taggata come 'cardiopulmonary'; privilegiato il protocollo CHOP modificato rispetto al Dallas/Levine, non completato da quasi il 60% dei pazienti secondo la fonte"
Ematologia,Trapianto di cellule staminali ematopoietiche — esercizio e riabilitazione,Identificata come assente; distinta dal trapianto renale gia presente (non taggato per assenza di categoria pertinente),"Home-based, telehealth, and hybrid exercise interventions for adults undergoing or recovering from HSCT: systematic review of RCTs, Frontiers in Rehabilitation Sciences (Batalik L et al.)",2026,moderate,476,FATTO,"Aggiunta e taggata come 'hematology'; comunicato onestamente che l'evidenza e piu solida per la capacita funzionale che per fatica/qualita di vita"
Ortopedico/MSK,Gomito del lanciatore (apofisite dell'epicondilo mediale),Identificata come assente; nessuna sovrapposizione con le voci esistenti sul gomito (tunnel cubitale/radiale, Kienbock),"Medial Epicondyle Apophysitis (Little League Elbow), StatPearls (Hodge C, Schroeder JD)",2023,moderate,477,FATTO,"Aggiunta e taggata alla zona anatomica 'Gomito'; incluso il dato di sicurezza sulla bassa aderenza storica ai limiti di pitch count (73% degli allenatori)"
Ortopedico/MSK,Necrosi avascolare della testa del femore (adulto) — riabilitazione post-decompressione midollare,Identificata come assente; forma adulta distinta dalla Malattia di Legg-Calve-Perthes pediatrica gia presente,"Core Decompression for Osteonecrosis of the Femoral Head, Video Journal of Sports Medicine (Vega JF, Cervantes JE, Yee BF, Nho SJ)",2026,moderate,478,FATTO,"Aggiunta e taggata alla zona anatomica 'Anca'; protocollo riabilitativo in 4 fasi completamente verificato dalla fonte, inclusi tempi esatti e tassi di sopravvivenza a 2 anni"
Pavimento pelvico,Dolore pelvico gravidico (disfunzione della sinfisi pubica / pelvic girdle pain),Identificata come assente; condizione gravidica specifica non coperta da vulvodinia/endometriosi/incontinenza gia presenti,"The effectiveness of physiotherapy interventions for Pregnancy-Related lumbopelvic pain: systematic review and meta-analysis of RCTs, Brazilian Journal of Physical Therapy (Mladenovic M, Coughlan LM, do Nascimento PRC et al.)",2026,moderate,479,FATTO,"Aggiunta e taggata come pavimento pelvico (compartimento anteriore, femminile); comunicato onestamente che l'evidenza e piu solida nel medio termine (6-12 sett) che nel breve (0-5 sett)"
Ortopedico/MSK,Sindrome da conflitto posteriore di caviglia (os trigonum),Identificata come assente; distinta dall'instabilita cronica di caviglia e dalla tendinopatia achillea gia presenti,"Conservative management of posterior ankle impingement, Journal of the Canadian Chiropractic Association (Senecal I, Richer N)",2016,low,480,FATTO,"Aggiunta e taggata alla zona anatomica 'Caviglia / Piede'; fonte basata su un singolo caso clinico, evidence_level basso dichiarato esplicitamente"
Ortopedico/MSK,Sindrome da fragilita (frailty) nell'anziano,Identificata come assente; distinta dalla sarcopenia gia presente (sindrome clinica piu ampia, fenotipo di Fried),"Prevention and Mitigation of Frailty Syndrome in Institutionalised Older Adults Through Physical Activity: A Systematic Review, Healthcare (Martinez-Montes GF et al.)",2025,moderate,481,FATTO,"Aggiunta e taggata alla stessa zona 'Corpo Intero / Equilibrio e Andatura' gia usata per la Sarcopenia; dati quantitativi onesti su reversione (36%) e calo dei benefici dopo il detraining"
Neurologia,Radicolopatia cervicale (aggiornamento contenuto in #28 — NON una nuova riga),Candidato risultato essere un doppione scoperto durante la ricerca stessa (autocorrezione, non un errore nei dati preesistenti),"Effectiveness of Articular and Neural Mobilization for Managing Cervical Radicular Pain: A Systematic Review With Network Meta-Analysis, JOSPT",2025,moderate,28,FATTO (fuso),"Creata per errore come id 482, poi fusa dentro #28 gia esistente (linea guida JOSPT 2017) prima di taggarla; nessun collegamento orfano; contenuto NMA 2025 aggiunto a #28 come aggiornamento"
Ortopedico/MSK,Displasia evolutiva dell'anca / DDH (aggiornamento contenuto in #65 — NON una nuova riga),Doppione di un batch precedente (batch 8) scoperto durante il controllo di esistenza del batch 20; #65 (Displasia congenita dell'anca) era gia presente con contenuto piu ricco,"AAOS Clinical Practice Guideline for Developmental Dysplasia of the Hip",2022,moderate,65,FATTO (fuso),"#438 (creata in batch precedente) fusa dentro #65 (consensus Delphi 2019, classificazione di Graf) per contenuto clinico piu completo; citazione AAOS 2022 e keyword multilingue mancanti trascritte in #65; collegamento zona anatomica di #438 rimosso poi riga #438 cancellata"
Neurologia,Malattia di Wilson — fisioterapia dei disturbi del movimento,Identificata come assente; disturbo del movimento da accumulo di rame distinto da altre condizioni neurologiche gia presenti,"Physiotherapy in Wilson's Disease, Physiopedia (basata su casi clinici pubblicati 2012, 2016, 2023)",2023,low,483,FATTO,"Aggiunta e taggata come 'neurology'; evidence_level basso dichiarato esplicitamente perche la fonte migliore reperibile e basata su casi clinici, non su RCT"
Ortopedico/MSK,Piede piatto flessibile pediatrico — gestione conservativa,Identificata come assente; distinta dalla variante fisiologica transitoria sotto i 6 anni,"Treatment of pediatric flatfoot: a systematic review-based consensus and guidelines by CPAM-LRC, Frontiers in Pediatrics (Sharula, Zhao F, Wu T et al.)",2026,moderate,484,FATTO,"Aggiunta e taggata alla zona anatomica 'Ossa del Piede'; escluso esplicitamente il piede piatto rigido/coalizione tarsale, che richiede un percorso diverso"
Ortopedico/MSK,Genu valgo/varo idiopatico pediatrico — gestione conservativa,Identificata come assente; variazione angolare fisiologica pediatrica senza trattamento attivo quando entro i range normali,"Lower Extremity Abnormalities in Children, American Family Physician (Baird DC, Dickison CG, Spires HI)",2025,moderate,485,FATTO,"Aggiunta e taggata alla zona anatomica 'Ginocchio'; nessun programma di esercizio correttivo proposto per la variante fisiologica, centrato su educazione/rassicurazione e criteri di invio ortopedico (red flags)"
Neurologia,Distonia generalizzata — neuroriabilitazione,Identificata come assente come voce dedicata; distinta dalla Distonia cervicale (#456) gia presente come forma focale,"Neurorehabilitation in dystonia care: key questions of who benefits, what modalities, and when to intervene, Dystonia (Wagle Shukla A, Kamo H, Nagaki K, Kraus AR, Warren L)",2025,moderate,486,FATTO,"Aggiunta e taggata come 'neurology' per coerenza con la Distonia cervicale; comunicato onestamente che l'evidenza piu solida riguarda le forme focali, non quella generalizzata, posizionata come complemento alla tossina botulinica"
Cardio-respiratorio,BPCO (aggiornamento contenuto in #117 — NON una nuova riga),Doppione di un batch precedente scoperto durante il controllo di esistenza del batch 21; #117 (fonte GOLD 2025) era gia presente e piu ricca del #36 fondativo (fonte ATS 2023),"ATS Clinical Practice Guideline on Pulmonary Rehabilitation (Rochester CL, Alison JA, Carlin B, et al.)",2023,high,117,FATTO (fuso),"#36 (batch fondativo) fuso dentro #117 (GOLD 2025 + ATS/ERS 2023 + NMA); trascritta la scala mMRC 0-4 completa, l'enfasi su coordinamento medico obbligatorio, citazione ATS 2023 e keyword multilingue mancanti; tag cardiopulmonary_condition_tags di #36 rimosso poi riga #36 cancellata"
Cardio-respiratorio,Ipertensione polmonare — esercizio terapeutico supervisionato,Identificata come assente; condizione cardiopolmonare distinta da BPCO/fibrosi cistica/sarcoidosi gia presenti,"Resistance Exercise as a Therapeutic Benefit for Patients with Pulmonary Arterial Hypertension, IntechOpen (Soares LL, Natali AJ); ERS statement on exercise training in severe chronic PH, Eur Respir J (Grunig E et al.)",2024,moderate,487,FATTO,"Aggiunta e taggata come 'cardiopulmonary'; enfasi esplicita su supervisione specialistica obbligatoria e divieto della manovra di Valsalva data la fragilita emodinamica di questi pazienti"
Neurologia (nervo VIII),Labirintite — riabilitazione vestibolare,Identificata come assente; distinta dalla Neurite vestibolare (#472) per la presenza di ipoacusia/coinvolgimento cocleare,"Labyrinthitis and Vestibular Neuritis, Vestibular Disorders Association (VeDA)",2025,low,488,FATTO,"Aggiunta e collegata al nervo periferico 'Nervo Vestibolococleare (VIII)'; evidence_level basso dichiarato esplicitamente (fonte non una linea guida clinica formale)"
Neurologia (nervi VII e VIII),Sindrome di Ramsay Hunt — riabilitazione della paralisi facciale e della componente vestibolo-cocleare,Identificata come assente; distinta dalla Paralisi di Bell (#451) per prognosi significativamente peggiore,"Ramsay Hunt Syndrome, Physiopedia (basata su Kanerva M et al., Eur Arch Otorhinolaryngol, 2020); case report, Journal of Yoga & Physical Therapy (Whitehead MT, Guffey JS, Barrett CA)",2020,low,489,FATTO,"Aggiunta e collegata a entrambi i nervi periferici coinvolti (VII e VIII), stesso schema multi-nervo gia usato per #143; comunicato onestamente il tasso di recupero incompleto piu alto rispetto alla Paralisi di Bell"
Neurologia (nervo VIII),Neurinoma dell'acustico (schwannoma vestibolare) — riabilitazione vestibolare pre e post-chirurgica,Identificata come assente; tumore dell'VIII nervo cranico distinto dalle altre condizioni vestibolari gia presenti,"Vestibular Rehabilitation... Vestibular Schwannoma: A Systematic Review, Physical Therapy (Yap J, Palmer G, Graving K, Stone S, Gane EM)",2024,low,490,FATTO,"Aggiunta e collegata al nervo periferico 'Nervo Vestibolococleare (VIII)'; comunicato onestamente che la certezza dell'evidenza e definita 'molto bassa' dalla revisione sistematica di riferimento (23 studi)"
Ematologia,Trombosi venosa profonda (aggiornamento contenuto in #383 — NON una nuova riga),Doppione di un batch precedente scoperto durante il controllo di esistenza del batch 22; #383 aveva struttura dati completa (keyword/source/evidence_level) rispetto a #320,"ASH Clinical Practice Guidelines on Venous Thromboembolism (Blood Advances 2019, 2020)",2019-2020,strong,383,FATTO (fuso),"#320 (batch precedente, contenuto narrativo piu ricco ma campi strutturati incompleti) fuso dentro #383; trascritti score di Wells/Geneva, enfasi APTA 2024/linee guida europee 2024 su mobilizzazione precoce, dato mortalita EP, nota su audit 2025; tag cardiopulmonary di #320 rimosso poi riga cancellata"
Immunologia,Tromboangioite obliterante (malattia di Buerger) — esercizio terapeutico supervisionato,Identificata come assente; vasculite dei piccoli vasi distinta dal Fenomeno di Raynaud (#421) gia presente,"Efficacy of Supervised Exercise Therapy for Intermittent Claudication in a Case With Buerger's Disease, Cureus (Komiya K, Iwai T, Ohno M)",2023,low,491,FATTO,"Aggiunta e taggata come 'immune' per coerenza con Raynaud; evidence_level basso dichiarato esplicitamente (singolo caso clinico); enfatizzata la cessazione del fumo come intervento imprescindibile"
Neurologia,Debolezza acquisita in terapia intensiva (ICU-acquired weakness) — mobilizzazione precoce,Identificata come assente; polineuropatia/miopatia del paziente critico distinta dalle altre condizioni neurologiche gia presenti,"Early mobilization to prevent ICU-acquired weakness in mechanically ventilated patients: an integrative review, Frontiers in Medicine (Wang G et al.)",2026,moderate,492,FATTO,"Aggiunta e taggata come 'neurology'; riportati per intero i criteri di sicurezza emodinamica/respiratoria e i 5 livelli progressivi di mobilizzazione"
Ortopedico/MSK (pediatrico),Plagiocefalia posizionale del lattante — riposizionamento e fisioterapia,Identificata come assente; distinta dal Torcicollo miogeno congenito gia presente ma spesso associata,"Congress of Neurological Surgeons Systematic Review and Evidence-Based Guideline...: The Role of Repositioning, Neurosurgery",2016,moderate,493,FATTO,"Aggiunta e taggata alla zona anatomica 'Cranio'; comunicato onestamente che il casco correttivo resta piu rapido della sola fisioterapia nelle forme severe secondo l'evidenza di livello II"
Oncologico/MSK,Sarcoma dei tessuti molli degli arti inferiori — riabilitazione funzionale post-chirurgica,Identificata come assente; distinta dall'Osteosarcoma e da altre condizioni oncologiche gia presenti,"Physical activity and functional rehabilitation in lower limb soft tissue sarcoma survivors, Journal of Medicine, Surgery, and Public Health (Nasralla HA et al.)",2026,low,494,FATTO,"Aggiunta ma non taggata a nessuna zona/sistema (condizione oncologica sistemica), come gia fatto per Amputazione arto inferiore/Ustioni; evidence_level basso dichiarato esplicitamente per scarsita di studi di alta qualita"
Neurologia,Lesione midollare traumatica — riabilitazione multidisciplinare,Identificata come assente nonostante la ricchezza della sezione neurologica; distinta da Sclerosi multipla/SLA/Parkinson gia presenti,"Spinal Cord Injury Clinical Guidelines, Physiopedia (sintesi NICE NG41 2016, Consortium for Spinal Cord Medicine 2005-2016, Global Spine Journal CPG 2017, Canadian Best Practice 2013, Evidence-based Scientific Exercise Guidelines 2018)",2018,moderate,495,FATTO,"Aggiunta e taggata come 'neurology' e collegata alla zona cerebrale 'Midollo Spinale'; segnalato onestamente che le linee guida citate risalgono al 2013-2018, non alla piu recente edizione 2025 (non accessibile per blocco reCAPTCHA)"
Ortopedico/MSK (pediatrico),Malattia di Kohler (osteocondrosi dello scafoide tarsale) — gestione conservativa,Identificata come assente; distinta da Sever/Osgood-Schlatter/Sinding-Larsen-Johansson gia presenti,"Kohler Disease, StatPearls (Trammell AP, Davis DD, Scott A)",2023,moderate,496,FATTO,"Aggiunta e taggata alla zona anatomica 'Ossa del Piede'; comunicata con sicurezza ai genitori l'assenza di esiti a lungo termine riportati in letteratura"
Ortopedico/MSK (pediatrico),Malattia di Panner (osteocondrosi del capitello omerale) — gestione conservativa,Identificata come assente; distinta dall'Osteocondrite dissecante del ginocchio (#465) e dal Gomito del lanciatore (#477) gia presenti,"Panner's Disease, Physiopedia (Claessen FMAP et al. 2015); Seven Elbows With Panner Disease..., Orthopaedic Journal of Sports Medicine (Ueda Y, Sugaya H, et al.)",2025,low,497,FATTO,"Aggiunta e taggata alla zona anatomica 'Gomito'; distinta esplicitamente dall'osteocondrite dissecante del capitello per gestione e prognosi differenti"
Ortopedico/MSK,Sindrome della costola scivolata (slipping rib syndrome) — terapia manuale e mobilizzazione costale,Identificata come assente; distinta dalla Costocondrite/sindrome di Tietze (#323) gia presente,"Slipping Rib Syndrome, Physiopedia",2022,low,498,FATTO,"Aggiunta e collegata alla zona anatomica 'Coste e Sterno', gia usata per la Costocondrite; elencate le diagnosi differenziali toraco-addominali piu gravi da escludere prima del trattamento"
Ortopedico/MSK,Disfunzione temporo-mandibolare (DTM) (aggiornamento contenuto in #449 — NON una nuova riga),Doppione di un batch precedente scoperto durante il controllo di esistenza del batch 24; #449 (fonte AHRQ 2023) aveva discussione piu ricca della qualita dell'evidenza rispetto a #340 (fonte Schiffman/DC-TMD 2014),"Diagnostic Criteria for Temporomandibular Disorders (DC/TMD), Schiffman E et al.",2014,moderate,449,FATTO (fuso),"#340 (batch precedente) fuso dentro #449; trascritti i criteri quantitativi di progressione (apertura orale >35-40mm), i test clinici in mm, lo screening del rachide cervicale superiore, i red flag su trisma post-traumatico/frattura condilare e la citazione dei criteri DC/TMD 2014; collegamento zona anatomica 'Cranio' di #340 ripuntato su #449 poi riga #340 cancellata"
Neurologico/miopatia,Malattia di Pompe (glicogenosi di tipo II) — esercizio terapeutico,Identificata come assente; miopatia metabolica genetica distinta da Duchenne/Becker/FSHD gia presenti,"Management of Pompe disease alongside and beyond ERT: a narrative review, Acta Myologica (Filosto M et al.); Physical therapy management of Pompe disease, Genetics in Medicine (Case LE, Kishnani PS)",2025,moderate,499,FATTO,"Aggiunta e taggata come 'neurology'; comunicato onestamente che molte raccomandazioni si basano su consenso di esperti data la rarita della condizione; enfatizzato il divieto di esercizio resistivo/eccentrico eccessivo"
Genetico/connettivale,Fibrodisplasia ossificante progressiva (FOP) — gestione riabilitativa con estrema cautela,Identificata come assente; malattia genetica ultra-rara con controindicazioni assolute uniche nella banca dati,"Medical guidelines for fibrodysplasia ossificans progressiva, JBMR Plus (Kaplan FS, Pignolo RJ, et al., 28 esperti internazionali)",2025,moderate,500,FATTO,"Aggiunta e taggata come 'immune' per mancanza di categoria genetica/tessuto connettivo dedicata (stesso problema di HSD/hEDS, Osteogenesi imperfetta, Marfan); riportati per intero i divieti assoluti (mai stretching passivo, mai iniezioni IM incluse vaccinazioni, mai biopsie chirurgiche)"
Ematologia/vascolare,Sindrome di Paget-Schroetter (trombosi venosa da sforzo dell'arto superiore),Identificata come assente; distinta dalla sindrome dello stretto toracico neurogena gia presente (#52/#143) per meccanismo trombotico,"Diagnosis of Paget-Schroetter Syndrome/Primary Effort Thrombosis in a Recreational Weight Lifter, Physical Therapy (DeLisa M, Hensley C, Jackson S)",2017,low,501,FATTO,"Aggiunta e taggata come 'hematology' per coerenza con TVP/Paget-Schroetter; evidence_level basso dichiarato esplicitamente (singolo caso clinico); enfatizzato che le tecniche manuali standard per lo stretto toracico sono inefficaci e potenzialmente pericolose in presenza di trombo"
Neurologico/miopatia,Distrofia muscolare di Becker (BMD) — esercizio terapeutico,Identificata come assente; distinta esplicitamente dalla Duchenne (#439) gia presente per esordio piu tardivo e decorso piu lento,"Meeting report: Translating exercise research in dystrophinopathy to the clinic, Journal of Neuromuscular Diseases (Lott DJ, Duong T, Schrader R, Taivassalo T, Senesac CR)",2026,moderate,502,FATTO,"Aggiunta e taggata come 'neurology'; riportati i segnali di allarme specifici (urine scure, dolore muscolare prolungato) e il divieto assoluto di esercizio eccentrico (studi su mdx mouse)"
Ortopedico/MSK,Deformita di Haglund con tendinopatia achillea inserzionale — riabilitazione post-chirurgica progressiva,Identificata come assente; distinta dalla Rottura completa del tendine d'Achille (#68) e dalla Tendinopatia achillea (#6) gia presenti,"Insertional Achilles Tendinopathy with Haglund's Deformity: A Progressive Approach to Post-Operative Rehabilitation in Athletes, International Journal of Sports Physical Therapy (Dudek M, Robinson ABJ, Newcomer M, Haytmanek CT)",2026,moderate,503,FATTO,"Aggiunta e taggata alla zona anatomica 'Caviglia / Piede'; fonte 2026 con protocollo in 5 fasi e criteri quantitativi di progressione (LSI); segnalato l'effetto nocebo dell'evitamento completo della dorsiflessione"
Ortopedico/MSK (pediatrico),Sindrome di Klippel-Feil — riabilitazione e gestione del dolore,Identificata come assente; condizione congenita distinta dalla Scoliosi idiopatica dell'adolescente (#333) gia presente,"Rehabilitation and Pain Management in Klippel-Feil Syndrome Associated With Caroli's Disease, Scoliosis, and Aphasia, Cureus (Majit AA, Aymane A, El Oumri AA)",2025,low,504,FATTO,"Aggiunta e taggata alla zona anatomica 'Rachide Cervicale'; evidence_level basso dichiarato esplicitamente (singolo caso clinico complesso); enfatizzato il divieto assoluto di manipolazione cervicale aggressiva per rischio di trauma spinale"
Ortopedico/MSK (pediatrico),Artrogriposi multipla congenita — fisioterapia pediatrica precoce,Identificata come assente; condizione neuromuscolare/articolare congenita ad alta rilevanza fisioterapica pediatrica precoce,"Arthrogryposis Multiplex Congenita, Physiopedia (Hunter C, ed.; Bell J, Jaraczewska E, Jackson K, contributori)",2026,moderate,505,FATTO,"Aggiunta ma non taggata a nessuna zona/sistema (contratture multi-articolari, nessuna zona singola pertinente), come gia fatto per Amputazione/Ustioni/Sarcoma; dichiarato esplicitamente che non esiste un protocollo standardizzato unico validato"
Cardio-respiratorio,Paralisi diaframmatica — riabilitazione respiratoria,Identificata come assente; distinta dalle altre condizioni cardiopolmonari gia presenti (BPCO, sarcoidosi, ipertensione polmonare),"Exercise therapy for a patient with persistent dyspnea after combined traumatic diaphragmatic rupture and phrenic nerve injury, PM&R (Han KY, Bang HJ); Diaphragm Rehabilitation, Physiopedia",2015,low,506,FATTO,"Aggiunta e taggata come 'cardiopulmonary'; protocollo quantitativo da singolo caso clinico (2015) integrato con tecniche di respirazione da Physiopedia (2026); evidence_level basso dichiarato esplicitamente"
Ortopedico/MSK (pediatrico),Malattia di Blount (tibia vara patologica) — gestione conservativa e post-chirurgica,Identificata come assente; distinta dal Genu valgo/varo idiopatico pediatrico (#485) gia presente per natura patologica anziche fisiologica,"Blount's Disease, Physiopedia (Louw L, ed.; Jackson K, Gadgil R, Jackson D, Thomas E, contributori)",2024,moderate,507,FATTO,"Aggiunta e taggata alla zona anatomica 'Ginocchio'; distinta esplicitamente dalla variante fisiologica transitoria del genu varo pediatrico"
Occupazionale/vascolare,Sindrome da vibrazione mano-braccio (HAVS) — gestione e riduzione dell'esposizione,Identificata come assente; condizione occupazionale distinta dal Fenomeno di Raynaud (#421) gia presente,"The Identification and Management of Hand-Arm Vibration Syndrome (HAVS), Society of Occupational Medicine HAVS Special Interest Group (revisione v21)",2023,high,508,FATTO,"Aggiunta e taggata come 'immune' per coerenza con Raynaud/Buerger; dichiarato esplicitamente che non esiste un programma di esercizio validato, la gestione reale e la riduzione dell'esposizione vibratoria"
Genetico/scheletrico,Acondroplasia — attivita fisica ed esercizio terapeutico nell'adulto,Identificata come assente; displasia scheletrica genetica ad alta rilevanza fisioterapica per gli adattamenti biomeccanici,"Facilitators and constraints of physical activity in adults with achondroplasia: a scoping review, Journal of Rare Diseases (Alves I, Koromani F, Lemos C, et al.)",2024,moderate,509,FATTO,"Aggiunta e taggata come 'immune' per mancanza di categoria genetica/scheletrica dedicata (quinta occorrenza dopo HSD/hEDS, OI, Marfan, FOP); enfatizzato lo screening neurologico obbligatorio per stenosi spinale prima dell'esercizio vigoroso"
Endocrino,Osteopetrosi (malattia delle ossa di marmo) — gestione riabilitativa delle fratture,Identificata come assente; distinta dalla Malattia di Paget dell'osso (#435) gia presente (densita ossea patologicamente aumentata anziche disorganizzata),"Osteopetrosis and fracture: planning and management, F1000Research (Chabchoub A, Meddeb M, Trik MA, et al.)",2025,low,510,FATTO,"Aggiunta e taggata come 'endocrine' per coerenza con Malattia di Paget dell'osso; evidence_level basso dichiarato esplicitamente, fonte priva di protocollo di fisioterapia specifico ma con red flag chirurgici rilevanti"
Neurologico/miopatia,Distrofia miotonica di tipo 1 (Steinert) — esercizio terapeutico,Identificata come assente; distinta dalla Distrofia muscolare di Duchenne/Becker/FSHD gia presenti per meccanismo (miotonia, non distrofinopatia),"Role of Physical Therapy in the Assessment and Management of Individuals with Myotonic Dystrophy, Myotonic Dystrophy Foundation",2020,moderate,511,FATTO,"Aggiunta e taggata come 'neurology'; enfatizzata la clearance cardiologica obbligatoria data l'alta prevalenza di coinvolgimento cardiaco/aritmie"
Neurologico,Atrofia multisistemica (MSA) — riabilitazione fisioterapica,Identificata come assente; parkinsonismo atipico distinto dal Parkinson idiopatico gia presente,"A Guide to Multiple System Atrophy for Physiotherapists, Multiple System Atrophy Trust (v1.4)",2023,moderate,512,FATTO,"Aggiunta e taggata come 'neurology'; fonte di organizzazione caritatevole specializzata con guida strutturata in 3 fasi di malattia; enfatizzata la gestione dell'ipotensione ortostatica quasi universale"
Neurologico,Paralisi sopranucleare progressiva (PSP) — riabilitazione e prevenzione delle cadute,Identificata come assente; parkinsonismo atipico distinto da Parkinson e MSA per la caduta all'indietro precoce come caratteristica distintiva,"Progressive Supranuclear Palsy, Physiopedia (Travlos A, ed.; Hampton L, Davidson J, Firman J, et al.)",2023,moderate,513,FATTO,"Aggiunta e taggata come 'neurology'; enfatizzata la caduta all'indietro come caratteristica distintiva e le tecniche di apprendimento della caduta"
Genetico,Neurofibromatosi di tipo 1 (NF1) — gestione fisioterapica,Identificata come assente; sindrome genetica con implicazioni ortopediche (scoliosi, displasia tibiale) e neurologiche (neurofibromi plessiformi),"Neurofibromatosis Type I, Physiopedia; Johnson B et al. (2012); Helmers SL, Irwin R (2009)",2023,low,514,FATTO,"Aggiunta e taggata come 'immune' per mancanza di categoria genetica dedicata (sesta occorrenza); dichiarato esplicitamente, citando la fonte, che non esiste un protocollo di fisioterapia di miglior pratica identificato in letteratura"
Neurologico pediatrico,Sindrome di Angelman — fisioterapia dello sviluppo motorio,Identificata come assente; sindrome genetica con ritardo motorio ad alta rilevanza fisioterapica pediatrica,"Physical Therapy and Occupational Therapy Best Practices, Angelman Syndrome Foundation",2025,moderate,515,FATTO,"Aggiunta e taggata come 'neurology'; fonte dichiara esplicitamente di non essere uno standard di cura completo ma una guida di risorse"
Genetico/cutaneo,Epidermolisi bollosa — fisioterapia e prevenzione delle contratture,Identificata come assente; malattia genetica rara con linee guida fisioterapiche formali specifiche,"Physiotherapy for epidermolysis bullosa: clinical practice guidelines, Orphanet Journal of Rare Diseases (Weisman A, Chan JM, LaPointe C, et al.)",2021,moderate,516,FATTO,"Aggiunta e taggata come 'immune' per mancanza di categoria dedicata (settima occorrenza); vera clinical practice guideline con 6 outcome prioritari, evidenza dichiarata di livello 3-4"
Genetico/endocrino,Sindrome di Turner — fisioterapia e gestione ortopedica,Identificata come assente; condizione cromosomica con componente endocrina dominante,"Turner Syndrome, Physiopedia (Shreif K, ed.; Hampton L)",2022,low,517,FATTO,"Aggiunta e taggata come 'endocrine' (non 'immune' come le altre condizioni genetiche) per coerenza con la componente endocrina dominante (ormone della crescita, ipotiroidismo); evidence_level basso dichiarato esplicitamente"
Genetico/lisosomiale,Malattia di Fabry — attività fisica ed esercizio terapeutico,Identificata come assente; malattia da accumulo lisosomiale con letteratura specifica su esercizio,"How Do Physical Activity and Exercise Affect Fabry Disease? Exploring a New Opportunity, Kidney and Blood Pressure Research (Baciga F, Marchi G, Caccia F, et al.)",2024,low,518,FATTO,"Aggiunta e taggata come 'immune' per mancanza di categoria dedicata; riportato onestamente che l'esercizio può scatenare dolore neuropatico in alcuni pazienti, distinto dall'indolenzimento normale"
Medicina dello sport,Sindrome da sovrallenamento (Overtraining Syndrome) — gestione e recupero graduale,Identificata come assente; condizione sistemica ad alta rilevanza per la medicina dello sport,"Overtraining Syndrome, Physiopedia, basata su Meeusen R et al. (consensus ECSS/ACSM)",2013,moderate,519,FATTO,"Aggiunta ma non taggata (nessuna categoria 'medicina dello sport' dedicata esiste, gap architetturale già segnalato); condizione sistemica non localizzabile a singola zona"
Cardio-respiratorio,Cardiopatia congenita dell'adulto (ACHD) — prescrizione dell'esercizio di forza e resistenza,Identificata come assente; distinta dalle valvulopatie/malattia aortica acquisite già presenti per eziologia congenita,"Strength and resistance training in adult congenital heart disease, International Journal of Cardiology Congenital Heart Disease (Dolan C, Brown G, Muirhead E, Swan L)",2026,moderate,520,FATTO,"Aggiunta e taggata come 'cardiopulmonary'; fonte 2026 con protocollo quantitativo dettagliato e stratificazione del rischio per gruppo di lesione"
Pavimento pelvico,Adenomiosi — fisioterapia del pavimento pelvico,Identificata come assente; distinta dall'Endometriosi (#413) già presente pur potendo coesistere,"Adenomyosis, Physiopedia (Fatola K, ed.)",2024,low,521,FATTO,"Aggiunta e taggata come pavimento pelvico (sistemico/femminile) per coerenza con Endometriosi; evidence_level basso dichiarato esplicitamente"
Pavimento pelvico,Proctalgia fugace — fisioterapia del pavimento pelvico,Identificata come assente; distinta dalla Sindrome dell'Elevatore dell'Ano (#109) già presente per durata degli episodi,"Proctalgia Fugax, Physiopedia; Proctalgia Syndromes: Update in Diagnosis and Management, Current Gastroenterology Reports",2020,low,522,FATTO,"Aggiunta e taggata come pavimento pelvico (posteriore/entrambi i sessi); verificato che non fosse un duplicato dell'Elevatore dell'Ano prima di procedere"
Ematologia,Emocromatosi ereditaria — gestione riabilitativa dell'artropatia,Identificata come assente; condizione metabolica con coinvolgimento articolare tipico (segno del pugno di ferro) distinta dalle altre condizioni ematologiche già presenti,"Treatment of Haemochromatosis Arthropathy: Advice for Patients, Haemochromatosis Arthropathy Research Initiative (HARI); Arthropathy and joint pain, Haemochromatosis UK (McClements N.)",2024,moderate,523,FATTO,"Aggiunta e taggata come 'hematology'; dichiarato onestamente che la deferrizzazione non modifica in modo significativo la progressione del danno articolare"
Ematologia,Anemia aplastica — attività fisica e riabilitazione post-trapianto,Identificata come assente; distinta dalle altre condizioni ematologiche già presenti (Talassemia, Anemia Falciforme, Policitemia),"Effect of home-based exercise program on patients with aplastic anemia treated with allogeneic hematopoietic stem cell transplantation: a non-randomized trial, Journal of Cancer Survivorship (Ye M, Xu C, Tan X, et al.)",2025,moderate,524,FATTO,"Aggiunta e taggata come 'hematology'; soglie di sicurezza ematologica applicate per analogia dalla Porpora trombocitopenica immune (#430), dichiarato esplicitamente come estensione ragionata"
Ematologia,Deficit di G6PD — gestione dell'attività fisica e sport,Identificato come assente; deficit enzimatico ereditario più comune al mondo, non ancora coperto in banca dati,"Management of Athletes With G6PD Deficiency: Does Missing an Enzyme Mean Missing More Games?, Sports Health (Stone SN, Reisig KV, Saffel HL, Miles CM)",2020,moderate,525,FATTO,"Aggiunta e taggata come 'hematology'; fonte rassicurante: nessuna restrizione generica sull'attività fisica necessaria, solo attenzione a trigger farmacologici/ambientali specifici"
Cardio-respiratorio,Amiloidosi cardiaca — riabilitazione ed esercizio fisico,Identificata come assente; distinta dalle altre condizioni cardiopolmonari già presenti (cardiomiopatia ipertrofica, ACHD, valvulopatie),"ATTR-CM Exercise Programs: Safe Cardiac Rehab, Banner Health (Thurrott S., rev. Dr. Anusha Sunkara); inquadramento clinico da Kittleson MM et al., 2023 ACC Expert Consensus Decision Pathway on Cardiac Amyloidosis, JACC",2025,low,526,FATTO,"Aggiunta e taggata come 'cardiopulmonary'; DA VERIFICARE dichiarato esplicitamente, fonte principale è materiale educazionale per pazienti non linea guida formale peer-reviewed; studio randomizzato dedicato (ERICA study) in corso"
